timestamp,username,source_ip,status,country
2026-02-01 08:07:47,finance01,109.34.150.66,SUCCESS,CN
2026-02-01 10:06:48,finance01,201.20.101.134,FAILED,IN
2026-02-02 21:50:50,guest,52.238.187.233,SUCCESS,BR
2026-02-02 09:54:51,j.smith,205.168.58.146,FAILED,CN
2026-02-01 02:58:44,m.khan,165.24.159.166,SUCCESS,BR
2026-02-01 13:51:58,guest,14.157.3.233,SUCCESS,IN
2026-02-02 09:35:12,guest,85.174.216.123,SUCCESS,BR
2026-02-01 03:17:46,admin,185.143.223.39,FAILED,IN
2026-02-01 11:58:23,admin,193.95.224.246,SUCCESS,BR
2026-02-02 02:01:13,student2,133.78.160.92,SUCCESS,BR
2026-02-01 15:45:02,finance01,188.101.193.251,FAILED,BR
2026-02-02 13:07:55,finance01,130.170.93.243,SUCCESS,US
2026-02-02 16:46:49,finance01,185.143.223.26,FAILED,DE
2026-02-01 15:55:36,student2,81.108.224.84,SUCCESS,RU
2026-02-01 14:32:44,guest,117.103.250.177,SUCCESS,IN
2026-02-02 11:49:12,student1,161.64.137.140,SUCCESS,BR
2026-02-01 16:24:38,finance01,100.229.60.205,SUCCESS,BR
2026-02-02 10:10:19,a.lee,16.30.80.208,SUCCESS,US
2026-02-02 13:03:12,student1,243.120.116.99,SUCCESS,CN
2026-02-02 23:04:30,student2,194.56.154.150,SUCCESS,RU
2026-02-02 08:54:04,finance01,220.49.53.148,SUCCESS,KZ
2026-02-01 03:31:48,student2,183.73.236.176,SUCCESS,IN
2026-02-02 11:58:13,m.khan,28.217.85.13,SUCCESS,IN
2026-02-01 13:27:42,student2,1.182.39.151,SUCCESS,RU
2026-02-01 10:07:26,a.lee,155.68.169.141,SUCCESS,US
2026-02-02 21:34:08,student2,125.87.100.180,SUCCESS,US
2026-02-01 07:04:33,student1,9.109.24.16,FAILED,US
2026-02-02 03:36:03,student2,207.206.5.247,SUCCESS,RU
2026-02-01 16:10:37,student1,231.19.162.6,FAILED,KZ
2026-02-01 22:22:36,student2,168.246.72.27,SUCCESS,KZ
2026-02-02 09:25:53,m.khan,10.237.127.89,SUCCESS,IN
2026-02-02 21:30:31,admin,185.143.223.31,FAILED,IN
2026-02-02 22:22:06,student2,156.37.119.226,SUCCESS,RU
2026-02-02 16:18:12,admin,122.37.191.84,SUCCESS,KZ
2026-02-01 21:15:36,a.lee,240.133.135.120,FAILED,KZ
2026-02-02 07:11:53,a.lee,38.149.250.128,SUCCESS,CN
2026-02-02 01:37:33,student1,238.222.181.14,FAILED,CN
2026-02-02 06:43:32,guest,180.212.3.114,SUCCESS,IN
2026-02-01 13:52:54,admin,185.143.223.19,FAILED,RU
2026-02-02 03:53:03,finance01,237.34.81.242,SUCCESS,CN
2026-02-02 08:13:20,a.lee,82.73.231.13,SUCCESS,US
2026-02-02 13:25:33,a.lee,235.253.90.77,SUCCESS,CN
2026-02-02 19:29:02,a.lee,81.51.156.117,FAILED,KZ
2026-02-01 18:23:27,a.lee,249.173.93.20,SUCCESS,CN
2026-02-01 11:50:00,admin,185.143.223.40,FAILED,IN
2026-02-01 09:09:01,student1,208.152.50.47,SUCCESS,US
2026-02-01 03:55:22,guest,53.97.166.221,SUCCESS,US
2026-02-02 14:32:16,student1,111.202.70.164,SUCCESS,DE
2026-02-01 22:18:50,admin,109.116.16.48,SUCCESS,KZ
2026-02-02 16:00:15,student1,213.97.229.194,SUCCESS,US
2026-02-01 03:49:36,guest,162.193.190.51,SUCCESS,KZ
2026-02-02 01:52:56,guest,26.85.192.141,SUCCESS,IN
2026-02-02 12:46:33,finance01,153.38.104.136,SUCCESS,DE
2026-02-01 07:20:12,admin,166.68.34.181,SUCCESS,CN
2026-02-01 02:32:00,a.lee,208.163.153.43,FAILED,RU
2026-02-01 15:56:02,a.lee,13.245.81.100,SUCCESS,IN
2026-02-02 21:41:03,guest,185.179.17.89,SUCCESS,BR
2026-02-01 05:30:11,admin,185.143.223.38,FAILED,KZ
2026-02-01 19:18:44,m.khan,25.246.140.198,SUCCESS,DE
2026-02-02 16:29:26,guest,150.136.141.26,SUCCESS,US
2026-02-01 09:32:22,student1,5.202.83.187,SUCCESS,KZ
2026-02-02 22:54:42,finance01,185.143.223.41,FAILED,US
2026-02-01 08:39:25,finance01,185.143.223.17,FAILED,US
2026-02-02 01:45:34,j.smith,112.103.68.131,SUCCESS,KZ
2026-02-01 16:32:07,a.lee,168.95.243.198,SUCCESS,BR
2026-02-01 04:01:36,student2,213.198.212.215,SUCCESS,CN
2026-02-02 12:01:42,guest,65.13.18.226,SUCCESS,IN
2026-02-02 22:31:09,j.smith,14.170.68.58,SUCCESS,RU
2026-02-02 02:21:19,student2,51.182.240.93,SUCCESS,RU
2026-02-02 14:12:19,finance01,139.249.69.182,SUCCESS,US
2026-02-02 07:01:57,guest,45.240.154.222,SUCCESS,RU
2026-02-01 22:41:31,a.lee,163.241.76.85,FAILED,CN
2026-02-01 21:52:01,admin,24.149.164.71,SUCCESS,CN
2026-02-01 12:22:13,m.khan,224.8.40.51,SUCCESS,RU
2026-02-01 06:37:13,finance01,210.123.47.123,SUCCESS,DE
2026-02-02 01:50:44,student1,164.203.148.91,FAILED,RU
2026-02-01 11:09:46,student1,120.239.210.124,SUCCESS,BR
2026-02-01 06:51:20,a.lee,239.145.67.48,FAILED,IN
2026-02-02 22:16:44,student1,38.9.11.183,SUCCESS,KZ
2026-02-02 20:48:17,m.khan,198.200.190.11,SUCCESS,CN
2026-02-01 01:22:29,admin,185.143.223.45,FAILED,RU
2026-02-01 13:18:08,admin,69.204.248.139,FAILED,US
2026-02-01 11:01:57,guest,51.108.108.64,SUCCESS,DE
2026-02-01 08:55:35,a.lee,136.133.111.199,FAILED,BR
2026-02-02 05:44:06,finance01,185.143.223.46,FAILED,CN
2026-02-02 00:25:22,finance01,34.71.248.37,SUCCESS,CN
2026-02-01 22:58:56,admin,205.89.181.68,SUCCESS,CN
2026-02-02 05:23:49,m.khan,144.228.107.22,SUCCESS,IN
2026-02-02 19:17:06,admin,125.240.57.50,SUCCESS,RU
2026-02-01 12:43:37,j.smith,147.246.82.108,SUCCESS,IN
2026-02-02 17:06:28,guest,214.107.252.104,SUCCESS,RU
2026-02-01 06:14:00,guest,164.67.191.159,SUCCESS,US
2026-02-01 05:39:21,student1,229.127.135.206,SUCCESS,IN
2026-02-02 21:08:14,guest,10.46.163.246,SUCCESS,US
2026-02-01 05:53:40,j.smith,163.109.203.91,SUCCESS,RU
2026-02-01 15:21:11,admin,110.225.136.107,SUCCESS,CN
2026-02-01 04:08:23,m.khan,219.2.163.1,SUCCESS,KZ
2026-02-02 07:02:01,a.lee,29.122.58.21,FAILED,DE
2026-02-02 05:35:38,student1,23.33.243.117,SUCCESS,RU
2026-02-01 05:44:10,finance01,185.143.223.27,FAILED,KZ
2026-02-02 13:02:07,student1,64.106.171.10,SUCCESS,US
2026-02-01 02:10:41,student1,254.169.64.30,SUCCESS,KZ
2026-02-01 17:18:46,finance01,189.35.153.222,SUCCESS,DE
2026-02-02 05:56:51,j.smith,241.235.168.43,FAILED,BR
2026-02-02 01:11:00,finance01,189.111.149.111,SUCCESS,BR
2026-02-02 14:43:56,student2,20.212.116.128,SUCCESS,IN
2026-02-02 07:42:57,student1,213.10.115.84,FAILED,CN
2026-02-01 14:02:41,admin,139.223.199.118,SUCCESS,DE
2026-02-01 08:34:17,admin,66.34.96.71,SUCCESS,DE
2026-02-02 12:04:23,student1,152.39.63.117,SUCCESS,BR
2026-02-01 18:39:24,guest,118.213.16.195,FAILED,RU
2026-02-01 23:00:48,admin,185.143.223.25,FAILED,DE
2026-02-02 19:32:43,m.khan,150.45.183.175,SUCCESS,DE
2026-02-01 20:13:35,guest,66.63.175.51,SUCCESS,US
2026-02-02 19:23:20,student2,143.61.206.123,SUCCESS,BR
2026-02-02 16:59:53,student2,42.70.134.173,SUCCESS,CN
2026-02-01 06:50:47,j.smith,93.72.98.245,SUCCESS,DE
2026-02-02 02:12:39,admin,214.4.33.91,SUCCESS,DE
2026-02-01 01:06:08,finance01,185.143.223.14,FAILED,KZ
2026-02-02 05:18:23,student1,134.189.41.129,SUCCESS,BR
2026-02-02 17:19:32,admin,185.143.223.44,FAILED,DE
2026-02-02 11:24:55,admin,207.70.78.89,SUCCESS,KZ
2026-02-02 10:45:07,j.smith,51.239.166.21,SUCCESS,CN
2026-02-02 03:12:54,admin,185.143.223.39,FAILED,IN
2026-02-02 07:54:03,admin,185.143.223.16,FAILED,IN
2026-02-02 09:36:54,a.lee,157.71.224.52,SUCCESS,RU
2026-02-02 02:22:36,guest,29.6.133.240,SUCCESS,KZ
2026-02-01 06:07:42,student2,15.134.190.97,SUCCESS,BR
2026-02-01 12:41:01,m.khan,123.78.201.116,SUCCESS,RU
2026-02-01 03:16:35,student1,131.197.212.150,SUCCESS,DE
2026-02-02 14:14:48,finance01,185.143.223.32,FAILED,DE
2026-02-02 06:09:16,admin,119.241.136.157,FAILED,DE
2026-02-02 02:52:37,a.lee,218.216.249.142,SUCCESS,KZ
2026-02-02 02:59:08,finance01,234.148.50.190,SUCCESS,RU
2026-02-01 10:02:15,m.khan,128.12.203.222,SUCCESS,IN
2026-02-02 20:54:50,a.lee,173.179.234.1,SUCCESS,DE
2026-02-02 20:57:09,guest,30.185.146.214,SUCCESS,DE
2026-02-02 19:01:30,m.khan,21.70.78.62,SUCCESS,DE
2026-02-02 01:23:12,m.khan,159.56.168.130,SUCCESS,BR
2026-02-02 14:56:57,guest,12.118.27.12,SUCCESS,KZ
2026-02-01 12:14:27,a.lee,68.101.173.200,SUCCESS,US
2026-02-01 00:52:47,admin,189.147.54.64,SUCCESS,KZ
2026-02-01 21:01:59,finance01,185.143.223.13,FAILED,BR
2026-02-01 02:51:33,finance01,241.234.13.102,FAILED,IN
2026-02-01 09:12:18,admin,240.140.246.207,SUCCESS,IN
2026-02-01 23:55:53,guest,79.250.90.29,SUCCESS,BR
2026-02-02 19:39:41,guest,26.243.45.22,SUCCESS,IN
2026-02-01 16:26:32,m.khan,180.78.66.44,SUCCESS,DE
2026-02-01 05:11:39,student1,194.44.224.86,FAILED,KZ
2026-02-02 08:41:33,guest,87.148.237.186,SUCCESS,US
2026-02-02 08:48:31,m.khan,108.71.207.178,SUCCESS,BR
2026-02-01 06:42:54,student1,100.171.147.193,SUCCESS,US
2026-02-01 00:39:54,finance01,185.143.223.27,FAILED,RU
2026-02-01 00:16:35,guest,94.229.250.214,SUCCESS,CN
2026-02-01 09:37:46,finance01,185.143.223.29,FAILED,US
2026-02-02 17:53:08,admin,248.226.100.134,SUCCESS,RU
2026-02-01 09:03:45,a.lee,144.52.38.67,SUCCESS,RU
2026-02-02 14:18:46,j.smith,127.199.176.239,SUCCESS,IN
2026-02-01 05:14:36,student2,73.127.133.139,FAILED,CN
2026-02-01 01:46:29,admin,185.143.223.22,FAILED,BR
2026-02-01 09:05:44,a.lee,34.215.150.145,FAILED,BR
2026-02-01 18:49:43,j.smith,152.211.43.129,SUCCESS,DE
2026-02-02 02:28:36,admin,185.143.223.33,FAILED,CN
2026-02-01 13:54:28,student2,16.73.164.132,FAILED,DE
2026-02-02 09:38:28,a.lee,172.216.184.202,SUCCESS,BR
2026-02-02 03:06:31,j.smith,14.132.2.222,SUCCESS,BR
2026-02-01 14:26:40,student2,253.90.62.38,SUCCESS,BR
2026-02-02 15:33:32,student2,244.46.235.7,SUCCESS,CN
2026-02-01 00:51:00,admin,123.18.22.6,SUCCESS,DE
2026-02-02 22:36:51,m.khan,136.92.106.159,SUCCESS,IN
2026-02-01 17:26:42,j.smith,76.64.6.30,FAILED,CN
2026-02-01 06:00:07,finance01,48.197.69.211,SUCCESS,DE
2026-02-02 07:39:55,student2,224.235.123.68,SUCCESS,US
2026-02-02 02:11:16,j.smith,100.76.222.92,SUCCESS,RU
2026-02-02 04:34:17,student2,157.38.114.226,SUCCESS,RU
2026-02-02 04:37:30,finance01,162.62.64.31,SUCCESS,DE
2026-02-02 05:30:17,m.khan,198.42.5.103,SUCCESS,IN
2026-02-02 10:38:30,m.khan,76.92.60.245,FAILED,BR
2026-02-02 19:34:01,m.khan,108.29.32.210,SUCCESS,US
2026-02-01 06:25:54,student1,145.175.28.181,SUCCESS,DE
2026-02-01 00:56:59,m.khan,185.103.11.205,FAILED,KZ
2026-02-01 05:50:34,a.lee,47.204.6.108,SUCCESS,IN
2026-02-02 05:09:55,student1,17.99.191.127,SUCCESS,US
2026-02-02 01:30:11,j.smith,61.142.32.191,SUCCESS,RU
2026-02-02 01:57:57,finance01,185.143.223.40,FAILED,US
2026-02-02 20:42:30,guest,142.112.175.59,FAILED,IN
2026-02-01 09:07:51,j.smith,106.105.6.151,SUCCESS,CN
2026-02-01 06:32:23,guest,49.185.13.78,SUCCESS,DE
2026-02-02 13:32:13,a.lee,163.91.217.63,SUCCESS,IN
2026-02-02 06:36:29,admin,109.164.37.243,SUCCESS,IN
2026-02-01 19:02:53,a.lee,155.98.23.108,FAILED,KZ
2026-02-02 17:03:49,admin,134.137.42.76,FAILED,US
2026-02-02 09:04:13,admin,151.250.225.141,SUCCESS,BR
2026-02-01 16:42:23,student2,254.95.230.116,SUCCESS,RU
2026-02-01 02:30:26,admin,185.143.223.28,FAILED,IN
2026-02-02 17:08:45,student1,190.229.42.243,SUCCESS,CN
2026-02-02 09:10:57,j.smith,153.205.62.70,SUCCESS,BR
2026-02-01 01:01:21,student1,194.125.232.125,FAILED,RU
2026-02-01 20:45:24,finance01,185.54.26.202,SUCCESS,RU
2026-02-02 02:38:54,guest,72.21.27.161,SUCCESS,RU
2026-02-02 07:41:05,admin,65.194.180.143,SUCCESS,IN
2026-02-01 23:35:36,finance01,207.160.161.213,SUCCESS,US
2026-02-01 16:36:53,student2,146.3.215.163,SUCCESS,CN
2026-02-01 02:40:08,finance01,216.17.121.92,SUCCESS,RU
2026-02-01 01:24:19,guest,223.245.131.153,SUCCESS,KZ
2026-02-01 14:00:36,student2,188.62.97.253,SUCCESS,RU
2026-02-01 04:28:38,admin,198.47.231.166,SUCCESS,RU
2026-02-01 06:43:56,guest,219.167.101.13,SUCCESS,CN
2026-02-01 06:33:03,m.khan,104.106.177.73,SUCCESS,CN
2026-02-01 13:37:49,finance01,185.143.223.38,FAILED,BR
2026-02-01 17:28:58,guest,161.174.123.98,FAILED,US
2026-02-01 07:44:05,student2,10.102.202.168,FAILED,CN
2026-02-01 15:37:00,m.khan,200.25.108.35,SUCCESS,KZ
2026-02-01 13:57:51,m.khan,212.163.120.80,FAILED,IN
2026-02-02 15:58:13,m.khan,239.44.209.224,SUCCESS,RU
2026-02-01 03:40:32,admin,156.160.106.1,FAILED,CN
2026-02-01 15:10:24,finance01,185.143.223.48,FAILED,US
2026-02-01 02:22:35,finance01,235.240.252.42,SUCCESS,IN
2026-02-02 11:42:31,student2,6.217.105.149,SUCCESS,CN
2026-02-01 23:19:51,finance01,84.127.39.117,SUCCESS,DE
2026-02-01 08:02:25,student2,237.196.89.218,SUCCESS,RU
2026-02-02 04:39:40,student1,93.240.32.14,SUCCESS,RU
2026-02-02 13:24:39,student2,55.24.98.61,SUCCESS,RU
2026-02-02 14:21:25,student2,56.65.189.57,SUCCESS,IN
2026-02-01 22:44:44,a.lee,137.104.243.157,SUCCESS,IN
2026-02-01 23:21:55,m.khan,83.18.67.82,SUCCESS,BR
2026-02-02 17:35:46,admin,185.143.223.8,FAILED,IN
2026-02-01 09:05:38,guest,22.203.168.249,SUCCESS,KZ
2026-02-02 23:42:56,guest,39.52.156.217,SUCCESS,IN
2026-02-02 07:13:06,admin,185.143.223.1,FAILED,BR
2026-02-01 11:20:03,admin,185.143.223.50,FAILED,CN
2026-02-01 10:56:40,admin,213.85.62.75,FAILED,DE
2026-02-02 04:49:37,j.smith,146.61.152.69,SUCCESS,BR
2026-02-02 19:51:18,admin,99.11.71.153,SUCCESS,DE
2026-02-02 02:37:56,admin,185.143.223.2,FAILED,RU
2026-02-02 01:09:01,student1,183.35.148.237,SUCCESS,US
2026-02-02 20:19:06,admin,50.212.107.17,SUCCESS,DE
2026-02-01 04:33:17,guest,122.157.51.36,SUCCESS,IN
2026-02-02 18:18:37,finance01,185.143.223.25,FAILED,US
2026-02-01 08:44:20,admin,243.101.135.34,FAILED,RU
2026-02-01 22:57:01,student1,216.202.96.175,FAILED,DE
2026-02-02 05:30:16,admin,8.3.175.147,SUCCESS,KZ
2026-02-01 09:23:11,a.lee,121.85.6.179,FAILED,IN
2026-02-02 07:10:25,student2,111.68.84.63,SUCCESS,CN
2026-02-01 09:23:20,guest,41.144.34.208,SUCCESS,RU
2026-02-02 12:46:12,finance01,3.141.43.162,SUCCESS,DE
2026-02-01 16:42:02,m.khan,11.169.218.6,SUCCESS,RU
2026-02-01 09:06:05,student2,42.148.22.28,SUCCESS,IN
2026-02-01 20:47:37,student2,122.224.90.72,FAILED,IN
2026-02-01 18:52:23,finance01,185.143.223.45,FAILED,IN
2026-02-01 15:53:45,guest,169.230.17.108,SUCCESS,DE
2026-02-01 18:57:21,student2,142.205.96.44,SUCCESS,BR
2026-02-01 20:09:16,student2,41.173.5.74,SUCCESS,US
2026-02-02 04:58:06,student2,250.253.251.81,SUCCESS,RU
2026-02-01 19:17:39,student1,240.111.33.201,SUCCESS,IN
2026-02-02 11:13:56,student2,189.168.65.230,SUCCESS,KZ
2026-02-01 11:34:23,finance01,185.143.223.22,FAILED,CN
2026-02-01 18:51:13,student1,106.163.85.112,SUCCESS,BR
2026-02-01 02:20:34,guest,190.60.193.99,FAILED,KZ
2026-02-02 01:56:44,student2,138.212.111.29,FAILED,KZ
2026-02-01 21:23:53,a.lee,246.208.144.142,SUCCESS,RU
2026-02-02 05:35:58,m.khan,51.110.61.8,FAILED,RU
2026-02-01 23:06:30,finance01,185.143.223.3,FAILED,IN
2026-02-02 07:05:42,guest,66.177.250.227,SUCCESS,BR
2026-02-02 13:53:34,student2,177.246.47.111,SUCCESS,DE
2026-02-01 08:15:52,student2,32.52.170.228,SUCCESS,BR
2026-02-01 06:04:30,finance01,61.86.33.71,FAILED,IN
2026-02-01 02:05:50,student1,205.22.64.238,FAILED,CN
2026-02-02 07:30:21,finance01,92.252.155.183,FAILED,DE
2026-02-01 04:36:05,student2,108.250.43.197,SUCCESS,US
2026-02-02 23:48:13,finance01,185.143.223.17,FAILED,KZ
2026-02-01 04:52:26,j.smith,44.4.113.229,FAILED,IN
2026-02-02 11:33:04,a.lee,15.242.156.181,SUCCESS,DE
2026-02-02 19:14:29,student2,25.46.36.160,SUCCESS,IN
2026-02-01 21:19:31,student2,179.168.59.108,SUCCESS,IN
2026-02-01 09:49:59,admin,191.200.98.1,SUCCESS,CN
2026-02-01 07:40:33,finance01,38.60.149.22,SUCCESS,KZ
2026-02-01 01:04:33,a.lee,80.37.242.109,FAILED,US
2026-02-01 09:52:33,student1,72.115.226.10,SUCCESS,DE
2026-02-02 17:50:54,finance01,48.142.27.41,FAILED,KZ
2026-02-01 12:42:59,admin,185.143.223.40,FAILED,IN
2026-02-01 18:50:53,guest,88.94.73.177,SUCCESS,RU
2026-02-02 14:20:52,admin,185.143.223.4,FAILED,BR
2026-02-01 23:50:43,guest,145.100.152.122,SUCCESS,BR
2026-02-02 18:32:29,m.khan,90.75.17.113,SUCCESS,KZ
2026-02-01 15:21:41,student1,171.76.198.3,SUCCESS,BR
2026-02-01 14:06:27,student1,3.90.166.72,SUCCESS,DE
2026-02-02 06:17:55,a.lee,166.143.38.48,SUCCESS,DE
2026-02-02 02:58:19,admin,185.143.223.30,FAILED,IN
2026-02-01 02:09:37,a.lee,222.91.37.102,FAILED,BR
2026-02-02 04:18:59,admin,180.158.174.126,SUCCESS,DE
2026-02-02 07:31:03,m.khan,48.73.14.94,FAILED,BR
2026-02-01 13:48:55,admin,130.49.16.208,SUCCESS,CN
2026-02-01 14:00:31,student2,241.182.62.231,SUCCESS,US
2026-02-01 23:20:50,student1,118.191.203.41,FAILED,RU
2026-02-02 21:08:50,admin,185.143.223.3,FAILED,RU
2026-02-02 20:07:31,a.lee,214.39.151.67,SUCCESS,RU
2026-02-02 12:47:24,finance01,224.185.56.186,SUCCESS,DE
2026-02-01 22:37:20,guest,20.72.79.98,SUCCESS,US
2026-02-02 22:22:13,admin,132.154.21.168,SUCCESS,US
2026-02-01 15:11:56,a.lee,30.193.155.239,FAILED,DE
2026-02-02 10:45:13,student2,41.207.67.8,SUCCESS,RU
2026-02-02 00:47:13,finance01,55.147.101.73,SUCCESS,CN
2026-02-01 15:16:02,admin,63.224.15.170,SUCCESS,US
2026-02-01 06:50:20,finance01,183.227.129.137,SUCCESS,CN
2026-02-02 10:58:24,admin,185.143.223.38,FAILED,RU
2026-02-02 17:17:04,admin,70.40.248.31,SUCCESS,IN
2026-02-01 16:15:06,finance01,239.171.253.146,SUCCESS,BR
2026-02-02 00:03:54,m.khan,128.253.220.26,FAILED,RU
2026-02-02 10:13:18,j.smith,104.154.139.45,FAILED,DE
2026-02-01 01:43:25,j.smith,14.128.225.1,SUCCESS,IN
2026-02-02 01:24:22,student1,45.46.129.34,SUCCESS,IN
2026-02-01 01:09:01,j.smith,209.198.62.177,SUCCESS,US
2026-02-01 02:05:16,admin,185.143.223.32,FAILED,CN
2026-02-02 14:22:14,guest,109.210.193.59,FAILED,KZ
2026-02-02 10:02:27,student1,135.126.12.254,FAILED,CN
2026-02-02 21:58:53,admin,185.143.223.50,FAILED,KZ
2026-02-01 08:54:08,j.smith,100.59.123.221,SUCCESS,CN
2026-02-01 11:02:22,student1,230.6.94.249,SUCCESS,KZ
2026-02-02 18:00:54,admin,185.143.223.26,FAILED,KZ
2026-02-02 07:19:56,student1,3.174.15.246,SUCCESS,KZ
2026-02-02 00:32:33,finance01,183.19.56.208,SUCCESS,KZ
2026-02-02 19:16:22,admin,251.236.114.174,FAILED,CN
2026-02-02 20:43:53,student1,73.143.160.184,SUCCESS,RU
2026-02-01 05:42:03,student2,2.23.180.159,SUCCESS,RU
2026-02-01 18:17:30,finance01,206.23.8.64,SUCCESS,KZ
2026-02-02 01:04:54,guest,77.24.45.221,FAILED,BR
2026-02-01 16:10:01,guest,209.108.163.62,FAILED,CN
2026-02-01 01:45:16,m.khan,172.32.147.75,SUCCESS,RU
2026-02-02 23:40:31,j.smith,209.136.43.110,SUCCESS,US
2026-02-02 15:15:22,admin,179.145.123.111,SUCCESS,RU
2026-02-02 00:51:54,student2,182.228.182.136,FAILED,CN
2026-02-01 11:43:01,student1,30.173.254.75,SUCCESS,BR
2026-02-01 07:29:30,admin,133.13.40.139,FAILED,BR
2026-02-01 22:36:29,guest,21.19.148.90,SUCCESS,CN
2026-02-02 20:14:08,admin,185.143.223.35,FAILED,IN
2026-02-01 00:10:35,admin,11.59.239.65,SUCCESS,IN
2026-02-02 21:16:51,j.smith,251.242.197.147,SUCCESS,US
2026-02-02 15:08:40,student1,245.109.127.4,SUCCESS,IN
2026-02-02 05:03:39,a.lee,157.172.10.44,SUCCESS,KZ
2026-02-02 02:58:31,j.smith,173.125.109.159,FAILED,KZ
2026-02-02 13:24:23,a.lee,178.203.73.243,FAILED,DE
2026-02-02 03:39:34,finance01,185.143.223.2,FAILED,US
2026-02-02 10:52:49,guest,118.97.67.40,FAILED,RU
2026-02-01 16:16:02,student2,121.180.130.200,SUCCESS,CN
2026-02-02 22:08:05,m.khan,191.8.59.221,SUCCESS,US
2026-02-01 04:26:04,m.khan,32.254.85.195,SUCCESS,US
2026-02-01 01:59:24,m.khan,251.146.31.105,SUCCESS,DE
2026-02-01 01:13:48,finance01,224.216.212.167,FAILED,DE
2026-02-01 18:48:41,admin,185.143.223.42,FAILED,DE
2026-02-01 07:30:55,student1,191.47.172.175,SUCCESS,CN
2026-02-01 07:08:38,j.smith,15.65.89.218,SUCCESS,IN
2026-02-02 05:57:47,j.smith,215.16.32.219,FAILED,DE
2026-02-01 01:16:25,student2,179.173.201.196,SUCCESS,DE
2026-02-01 01:22:34,student2,216.136.173.100,SUCCESS,RU
2026-02-02 19:29:44,m.khan,164.105.121.103,SUCCESS,US
2026-02-01 04:45:05,a.lee,56.34.13.64,SUCCESS,BR
2026-02-01 13:35:49,student1,27.46.233.191,SUCCESS,IN
2026-02-02 03:43:32,student1,60.184.42.213,SUCCESS,IN
2026-02-02 04:34:39,a.lee,143.246.139.91,SUCCESS,BR
2026-02-01 16:30:35,student1,112.189.217.127,SUCCESS,KZ
2026-02-01 21:20:25,j.smith,24.17.10.86,SUCCESS,BR
2026-02-02 16:14:12,student2,233.120.87.76,SUCCESS,DE
2026-02-01 10:10:57,finance01,185.143.223.3,FAILED,DE
2026-02-01 12:22:25,admin,83.167.55.170,FAILED,KZ
2026-02-01 19:58:02,student1,240.130.30.147,SUCCESS,BR
2026-02-02 00:43:25,finance01,214.209.210.101,SUCCESS,US
2026-02-02 07:51:24,admin,152.213.176.61,SUCCESS,IN
2026-02-01 22:19:19,admin,185.143.223.16,FAILED,CN
2026-02-01 15:14:51,admin,197.58.20.183,SUCCESS,RU
2026-02-02 16:56:28,j.smith,206.23.167.227,SUCCESS,IN
2026-02-01 09:09:54,a.lee,206.182.151.113,SUCCESS,KZ
2026-02-02 11:47:53,a.lee,205.86.208.16,SUCCESS,KZ
2026-02-02 15:16:20,finance01,185.143.223.33,FAILED,RU
2026-02-02 04:48:39,j.smith,229.150.215.217,SUCCESS,BR
2026-02-02 11:05:48,j.smith,171.23.13.92,SUCCESS,IN
2026-02-01 23:13:27,j.smith,103.232.6.21,SUCCESS,BR
2026-02-02 20:17:41,finance01,119.55.84.117,SUCCESS,BR
2026-02-02 06:27:05,m.khan,129.49.48.3,SUCCESS,KZ
2026-02-01 22:26:48,j.smith,103.144.212.33,SUCCESS,US
2026-02-01 10:21:00,admin,126.7.111.17,FAILED,DE
2026-02-02 12:59:14,admin,185.143.223.12,FAILED,IN
2026-02-01 04:03:25,a.lee,212.24.165.240,SUCCESS,KZ
2026-02-02 07:28:07,admin,163.7.26.189,SUCCESS,US
2026-02-01 11:19:53,guest,164.93.18.49,SUCCESS,DE
2026-02-02 02:17:30,j.smith,182.197.1.97,SUCCESS,DE
2026-02-01 05:02:43,m.khan,233.141.206.169,SUCCESS,CN
2026-02-02 14:11:29,admin,206.15.93.25,SUCCESS,KZ
2026-02-02 13:39:32,finance01,185.143.223.29,FAILED,CN
2026-02-01 21:09:23,m.khan,165.73.174.129,SUCCESS,BR
2026-02-01 02:26:14,student1,125.100.1.36,SUCCESS,CN
2026-02-02 04:08:25,m.khan,1.83.43.56,SUCCESS,CN
2026-02-02 22:54:07,guest,217.181.45.133,SUCCESS,CN
2026-02-01 03:38:13,student2,24.162.22.23,SUCCESS,KZ
2026-02-02 09:19:33,guest,192.34.103.79,SUCCESS,IN
2026-02-01 19:22:17,j.smith,73.131.205.74,SUCCESS,RU
2026-02-01 08:37:52,j.smith,134.20.251.6,SUCCESS,CN
2026-02-01 05:09:11,m.khan,218.156.99.116,FAILED,IN
2026-02-02 19:59:56,student1,159.160.120.6,FAILED,RU
2026-02-01 05:14:59,admin,106.209.174.91,SUCCESS,RU
2026-02-01 20:18:43,finance01,213.77.154.15,SUCCESS,DE
2026-02-01 14:00:08,student1,154.56.56.147,SUCCESS,RU
2026-02-02 23:22:01,student1,131.103.92.244,SUCCESS,US
2026-02-02 19:56:02,student2,146.50.16.203,FAILED,CN
2026-02-02 16:13:36,finance01,185.143.223.4,FAILED,US
2026-02-02 11:45:28,admin,83.251.204.116,SUCCESS,RU
2026-02-02 17:36:25,j.smith,103.137.2.72,SUCCESS,KZ
2026-02-02 08:42:18,student1,200.242.193.17,FAILED,US
2026-02-01 01:56:15,a.lee,125.172.179.82,FAILED,RU
2026-02-02 15:08:59,admin,228.93.241.57,SUCCESS,CN
2026-02-01 19:32:31,admin,185.143.223.46,FAILED,DE
2026-02-01 12:04:25,admin,151.121.36.13,SUCCESS,RU
2026-02-02 09:12:58,admin,185.143.223.27,FAILED,KZ
2026-02-02 21:29:43,j.smith,133.40.227.162,SUCCESS,DE
2026-02-01 00:19:14,a.lee,59.168.241.141,SUCCESS,RU
2026-02-01 03:49:46,finance01,141.26.172.81,SUCCESS,BR
2026-02-02 09:14:29,j.smith,14.2.108.16,SUCCESS,BR
2026-02-01 18:21:06,finance01,185.143.223.13,FAILED,IN
2026-02-01 21:57:46,admin,40.69.9.64,SUCCESS,KZ
2026-02-02 04:39:12,admin,161.66.33.117,SUCCESS,BR
2026-02-02 01:24:02,j.smith,68.138.6.61,FAILED,CN
2026-02-01 04:51:54,guest,197.158.16.41,SUCCESS,RU
2026-02-01 05:36:02,j.smith,245.130.41.41,SUCCESS,CN
2026-02-02 21:50:09,student2,185.215.124.107,SUCCESS,US
2026-02-02 20:29:06,finance01,151.80.96.211,SUCCESS,DE
2026-02-02 02:34:09,student2,190.219.161.74,FAILED,BR
2026-02-02 21:07:54,a.lee,250.72.196.109,SUCCESS,RU
2026-02-01 13:09:23,guest,241.94.157.85,SUCCESS,CN
2026-02-01 05:00:21,j.smith,156.91.39.178,SUCCESS,RU
2026-02-01 07:15:50,admin,134.233.63.175,SUCCESS,US
2026-02-01 02:26:41,student2,29.217.50.43,SUCCESS,RU
2026-02-02 16:50:27,student2,132.74.66.231,FAILED,US
2026-02-01 08:40:55,student2,155.31.218.217,SUCCESS,IN
2026-02-02 01:57:09,a.lee,203.61.16.151,SUCCESS,CN
2026-02-02 10:21:57,admin,14.250.115.227,SUCCESS,CN
2026-02-01 16:31:33,j.smith,246.18.171.72,FAILED,US
2026-02-02 12:16:45,finance01,167.186.82.165,SUCCESS,RU
2026-02-02 05:57:25,guest,42.125.153.105,SUCCESS,BR
2026-02-01 18:54:10,guest,212.183.121.119,SUCCESS,CN
2026-02-02 03:16:32,student2,14.10.88.131,SUCCESS,IN
2026-02-01 17:16:12,admin,159.181.244.140,SUCCESS,KZ
2026-02-02 01:27:55,student1,29.92.194.182,SUCCESS,CN
2026-02-01 13:58:05,j.smith,210.111.24.60,SUCCESS,US
2026-02-01 14:34:27,a.lee,130.55.90.157,SUCCESS,DE
2026-02-01 21:08:36,student1,238.194.217.139,SUCCESS,IN
2026-02-01 02:24:49,j.smith,13.181.218.97,FAILED,DE
2026-02-01 00:53:13,m.khan,151.65.12.81,FAILED,KZ
2026-02-02 16:46:15,m.khan,143.142.142.155,SUCCESS,US
2026-02-02 05:53:32,student2,120.99.120.14,SUCCESS,DE
2026-02-01 04:06:22,finance01,185.143.223.4,FAILED,KZ
2026-02-01 13:38:23,guest,156.17.54.177,SUCCESS,KZ
2026-02-02 04:43:55,admin,123.99.5.147,SUCCESS,DE
2026-02-01 10:25:33,j.smith,33.149.43.110,SUCCESS,RU
2026-02-01 22:55:01,student1,119.2.16.106,SUCCESS,US
2026-02-02 20:56:05,j.smith,195.114.50.86,SUCCESS,KZ
2026-02-01 03:51:15,admin,185.143.223.30,FAILED,KZ
2026-02-02 14:45:36,j.smith,13.230.209.101,SUCCESS,IN
2026-02-01 17:06:35,j.smith,69.233.240.96,SUCCESS,CN
2026-02-01 04:03:06,student1,152.188.175.14,SUCCESS,BR
2026-02-02 21:38:56,a.lee,166.162.114.2,SUCCESS,KZ
2026-02-01 09:16:31,j.smith,102.63.71.72,SUCCESS,CN
2026-02-02 14:23:05,admin,241.72.119.9,SUCCESS,KZ
2026-02-02 20:44:33,student1,138.48.110.44,FAILED,CN
2026-02-02 23:15:14,admin,185.143.223.2,FAILED,BR
2026-02-01 16:40:21,student1,134.204.223.29,SUCCESS,US
2026-02-01 01:49:03,finance01,95.186.192.241,SUCCESS,IN
2026-02-01 20:35:37,student2,138.234.52.49,SUCCESS,DE
2026-02-01 18:43:23,m.khan,238.215.204.244,SUCCESS,BR
2026-02-01 15:43:41,finance01,100.215.239.55,SUCCESS,CN
2026-02-01 22:12:41,a.lee,23.62.82.234,SUCCESS,CN
2026-02-01 14:24:47,admin,52.123.70.197,SUCCESS,BR
2026-02-02 13:26:15,m.khan,171.124.131.182,FAILED,DE
2026-02-02 03:29:34,student1,248.108.219.23,SUCCESS,CN
2026-02-01 08:06:10,finance01,185.143.223.27,FAILED,KZ
2026-02-01 04:31:45,finance01,185.143.223.45,FAILED,DE
2026-02-01 12:23:44,finance01,206.117.221.220,FAILED,BR
2026-02-02 06:56:19,student2,105.166.249.18,SUCCESS,DE
2026-02-01 22:36:00,student1,133.40.69.46,FAILED,DE
2026-02-01 22:17:09,finance01,131.219.223.4,SUCCESS,DE
2026-02-01 00:58:45,student2,42.25.252.121,SUCCESS,CN
2026-02-02 05:54:36,admin,185.143.223.42,FAILED,KZ
2026-02-01 03:59:37,admin,71.158.11.28,SUCCESS,KZ
2026-02-02 07:48:14,finance01,142.87.81.1,FAILED,KZ
2026-02-01 00:38:54,finance01,185.143.223.40,FAILED,RU
2026-02-02 14:54:36,student2,191.71.233.82,SUCCESS,RU
2026-02-01 13:21:36,finance01,188.128.18.144,SUCCESS,US
2026-02-02 04:37:10,admin,157.109.102.120,SUCCESS,RU
2026-02-02 13:15:31,student1,30.251.218.148,FAILED,US
2026-02-02 22:43:57,student1,149.5.233.85,SUCCESS,BR
2026-02-02 15:19:34,finance01,185.143.223.5,FAILED,DE
2026-02-02 18:17:30,j.smith,52.200.58.122,SUCCESS,IN
2026-02-02 12:08:02,guest,250.197.56.61,FAILED,US
2026-02-02 04:34:27,guest,26.156.43.124,SUCCESS,CN
2026-02-02 03:34:52,m.khan,13.213.87.172,SUCCESS,DE
2026-02-01 07:33:07,student1,211.202.221.196,SUCCESS,DE
2026-02-02 02:45:39,student2,130.206.196.166,SUCCESS,RU
2026-02-01 12:34:00,finance01,185.143.223.9,FAILED,RU
2026-02-01 06:09:06,student1,150.231.194.231,FAILED,CN
2026-02-01 14:41:16,m.khan,135.14.119.69,SUCCESS,KZ
2026-02-01 12:51:09,admin,205.96.28.174,FAILED,IN
2026-02-01 03:01:18,student1,174.59.233.46,SUCCESS,CN
2026-02-02 09:59:12,finance01,41.68.121.5,SUCCESS,US
2026-02-02 21:46:48,finance01,185.143.223.46,FAILED,CN
2026-02-01 09:19:59,a.lee,5.91.130.134,SUCCESS,DE
2026-02-02 18:51:05,m.khan,226.80.37.221,SUCCESS,IN
2026-02-01 11:09:58,guest,116.159.152.138,SUCCESS,US
2026-02-02 09:32:44,student1,79.111.235.50,FAILED,RU
2026-02-02 23:45:21,admin,155.246.91.225,FAILED,DE
2026-02-01 07:23:13,m.khan,162.159.207.212,FAILED,CN
2026-02-01 06:24:10,finance01,185.143.223.13,FAILED,DE
2026-02-01 21:31:02,j.smith,53.12.246.140,SUCCESS,DE
2026-02-01 13:15:12,finance01,185.143.223.47,FAILED,DE
2026-02-01 13:41:47,finance01,185.143.223.18,FAILED,CN
2026-02-02 10:25:51,student2,234.241.176.235,SUCCESS,CN
2026-02-02 08:01:10,student2,36.73.199.32,SUCCESS,US
2026-02-02 22:14:55,student2,207.208.242.65,SUCCESS,BR
2026-02-02 08:11:29,finance01,185.143.223.39,FAILED,IN
2026-02-02 10:43:47,guest,79.25.4.192,SUCCESS,CN
2026-02-01 15:38:51,student1,230.163.144.24,FAILED,KZ
2026-02-01 11:36:40,admin,185.143.223.35,FAILED,BR
2026-02-02 09:37:51,student2,224.205.44.2,FAILED,US
2026-02-02 19:44:58,student1,78.49.139.22,FAILED,KZ
2026-02-02 19:25:08,student2,66.215.164.227,SUCCESS,RU
2026-02-02 05:58:46,admin,36.154.92.9,SUCCESS,CN
2026-02-02 00:39:37,m.khan,151.112.160.191,SUCCESS,RU
2026-02-01 05:43:30,admin,185.143.223.30,FAILED,IN
2026-02-01 09:42:39,student2,29.117.26.185,FAILED,DE
2026-02-01 16:12:03,finance01,185.143.223.14,FAILED,RU
2026-02-02 02:34:36,finance01,185.143.223.29,FAILED,US
2026-02-01 00:43:03,student2,212.101.170.25,SUCCESS,KZ
2026-02-01 18:15:03,admin,185.143.223.46,FAILED,KZ
2026-02-02 02:13:55,finance01,185.143.223.47,FAILED,DE
2026-02-01 03:35:15,admin,1.4.168.26,SUCCESS,KZ
2026-02-01 23:04:41,finance01,102.53.231.17,SUCCESS,CN
2026-02-01 23:35:29,a.lee,144.84.249.50,SUCCESS,KZ
2026-02-01 05:20:51,finance01,185.143.223.1,FAILED,BR
2026-02-02 01:24:57,finance01,185.143.223.22,FAILED,BR
2026-02-02 17:26:33,finance01,2.40.49.87,FAILED,US
2026-02-02 21:22:57,admin,185.143.223.45,FAILED,RU
2026-02-02 06:18:23,j.smith,31.14.48.112,SUCCESS,BR
2026-02-01 21:45:18,finance01,71.130.175.111,SUCCESS,KZ
2026-02-02 04:31:49,admin,120.157.76.134,SUCCESS,KZ
2026-02-02 23:02:33,m.khan,202.107.134.209,SUCCESS,BR
2026-02-02 16:12:53,finance01,160.78.175.66,SUCCESS,BR
2026-02-02 12:29:18,student2,75.145.16.132,SUCCESS,BR
2026-02-02 04:59:03,finance01,174.219.219.180,FAILED,RU
2026-02-01 04:43:08,student2,101.69.229.131,SUCCESS,DE
2026-02-01 17:27:42,finance01,185.143.223.8,FAILED,IN
2026-02-02 09:21:06,m.khan,45.182.59.92,SUCCESS,DE
2026-02-02 07:16:30,m.khan,2.186.205.97,FAILED,KZ
2026-02-01 22:23:38,student1,174.148.251.46,SUCCESS,BR
2026-02-02 05:57:54,student2,3.30.193.109,SUCCESS,DE
2026-02-01 10:00:16,m.khan,99.85.80.1,FAILED,BR
2026-02-01 21:04:38,guest,8.180.173.28,SUCCESS,KZ
2026-02-02 00:40:19,student2,231.105.110.194,FAILED,US
2026-02-01 16:36:16,student1,86.118.232.207,SUCCESS,BR
2026-02-02 02:29:41,student1,188.211.82.36,FAILED,IN
2026-02-02 05:21:34,student2,136.122.240.21,SUCCESS,US
2026-02-02 09:20:56,a.lee,108.228.88.181,SUCCESS,RU
2026-02-02 06:00:57,student2,244.3.92.157,SUCCESS,RU
2026-02-02 20:32:45,student1,204.189.12.180,SUCCESS,KZ
2026-02-02 07:59:13,finance01,56.88.191.43,SUCCESS,IN
2026-02-02 21:14:08,student2,192.15.250.59,SUCCESS,US
2026-02-01 00:17:58,finance01,49.238.28.183,FAILED,BR
2026-02-01 21:08:32,a.lee,194.147.33.238,SUCCESS,RU
2026-02-01 00:34:36,a.lee,7.162.20.191,SUCCESS,KZ
2026-02-01 06:33:46,guest,161.189.97.35,FAILED,RU
2026-02-01 15:30:59,j.smith,36.80.181.66,SUCCESS,IN
2026-02-01 01:14:47,finance01,120.210.99.198,SUCCESS,US
2026-02-01 20:18:02,guest,139.125.217.214,SUCCESS,BR
2026-02-02 10:07:59,a.lee,109.27.121.186,SUCCESS,BR
2026-02-02 22:45:15,student1,48.80.85.245,FAILED,BR
2026-02-01 17:50:47,student2,23.126.80.194,SUCCESS,CN
2026-02-02 13:50:05,j.smith,82.231.147.241,SUCCESS,RU
2026-02-01 09:40:23,admin,185.143.223.29,FAILED,BR
2026-02-02 10:35:55,student2,132.76.57.248,SUCCESS,IN
2026-02-01 23:47:28,finance01,185.143.223.50,FAILED,CN
2026-02-02 13:09:05,a.lee,148.239.76.34,SUCCESS,BR
2026-02-02 08:54:59,student1,138.202.124.234,SUCCESS,BR
2026-02-01 00:43:40,j.smith,61.138.132.77,SUCCESS,RU
2026-02-02 18:34:15,finance01,185.143.223.19,FAILED,BR
2026-02-02 20:12:24,m.khan,242.180.104.36,FAILED,RU
2026-02-02 16:54:43,guest,21.179.28.72,SUCCESS,RU
2026-02-02 21:08:04,a.lee,197.26.143.211,SUCCESS,BR
2026-02-02 13:05:37,student1,120.4.93.208,FAILED,KZ
2026-02-02 05:26:01,student1,92.40.225.67,SUCCESS,BR
2026-02-01 05:36:25,admin,185.143.223.18,FAILED,KZ
2026-02-02 14:13:51,m.khan,162.100.14.151,SUCCESS,KZ
2026-02-01 02:16:11,a.lee,135.46.73.68,FAILED,BR
2026-02-01 12:56:04,admin,185.143.223.39,FAILED,IN
2026-02-01 23:12:48,student2,107.218.110.64,SUCCESS,CN
2026-02-01 18:38:09,j.smith,172.75.14.176,SUCCESS,IN
2026-02-01 21:19:08,m.khan,253.58.248.57,FAILED,IN
2026-02-02 12:31:07,finance01,34.237.61.178,SUCCESS,CN
2026-02-01 23:21:19,guest,226.174.61.128,SUCCESS,US
2026-02-02 10:09:19,student1,60.192.45.156,SUCCESS,CN
2026-02-01 15:18:17,student2,10.199.202.186,SUCCESS,IN
2026-02-01 09:57:54,admin,5.31.154.73,SUCCESS,DE
2026-02-02 00:12:53,student1,79.240.7.71,SUCCESS,US
2026-02-01 04:48:48,guest,29.82.1.93,SUCCESS,KZ
2026-02-01 13:16:03,finance01,95.106.222.98,SUCCESS,BR
2026-02-02 05:53:10,j.smith,68.130.132.206,SUCCESS,DE
2026-02-02 14:30:40,student2,126.224.159.135,SUCCESS,US
2026-02-02 19:44:38,finance01,200.87.150.1,SUCCESS,CN
2026-02-02 12:38:56,finance01,202.78.142.114,FAILED,DE
2026-02-02 04:28:44,guest,122.9.149.201,SUCCESS,IN
2026-02-01 18:57:31,a.lee,68.244.11.183,FAILED,IN
2026-02-02 17:45:22,guest,12.156.209.212,SUCCESS,CN
2026-02-01 21:47:28,m.khan,57.246.246.239,SUCCESS,IN
2026-02-02 00:41:48,student1,155.37.85.109,SUCCESS,DE
2026-02-02 09:26:04,guest,126.130.20.155,SUCCESS,IN
2026-02-02 05:58:17,student2,138.2.119.131,SUCCESS,RU
2026-02-02 02:22:34,j.smith,166.204.178.70,SUCCESS,DE
2026-02-01 06:14:02,m.khan,93.219.120.86,SUCCESS,US
2026-02-01 01:52:44,j.smith,97.102.31.114,SUCCESS,US
2026-02-02 20:44:18,finance01,185.143.223.42,FAILED,KZ
2026-02-02 09:16:41,finance01,183.242.218.153,FAILED,RU
2026-02-01 19:15:06,a.lee,85.201.32.162,FAILED,KZ
2026-02-02 05:12:36,j.smith,127.32.46.85,SUCCESS,BR
2026-02-02 04:54:31,finance01,185.143.223.19,FAILED,KZ
2026-02-01 01:20:16,student1,14.60.230.198,FAILED,RU
2026-02-01 11:22:02,a.lee,159.242.213.200,FAILED,IN
2026-02-02 09:56:26,admin,185.143.223.34,FAILED,IN
2026-02-02 05:15:19,finance01,236.124.113.225,SUCCESS,IN
2026-02-01 19:21:16,admin,53.141.14.147,SUCCESS,US
2026-02-01 10:19:03,student2,183.79.218.100,SUCCESS,DE
2026-02-02 19:16:52,guest,208.7.147.16,SUCCESS,US
2026-02-01 07:22:59,j.smith,54.118.129.136,SUCCESS,CN
2026-02-01 20:04:58,student2,2.145.241.215,SUCCESS,KZ
2026-02-01 06:18:26,finance01,185.143.223.26,FAILED,KZ
2026-02-02 23:56:20,a.lee,68.25.85.10,SUCCESS,RU
2026-02-02 21:40:19,student2,53.155.218.173,SUCCESS,IN
2026-02-01 11:59:43,j.smith,37.120.126.66,SUCCESS,DE
2026-02-01 21:09:14,admin,185.143.223.47,FAILED,RU
2026-02-01 11:08:43,student1,212.194.93.142,SUCCESS,IN
2026-02-02 22:44:05,student2,166.114.82.16,SUCCESS,DE
2026-02-01 11:57:48,admin,87.27.186.236,FAILED,IN
2026-02-02 02:12:22,finance01,185.143.223.7,FAILED,RU
2026-02-02 01:01:17,student2,61.57.238.217,SUCCESS,KZ
2026-02-02 23:40:21,finance01,59.164.179.72,SUCCESS,RU
2026-02-02 18:34:46,a.lee,59.39.131.194,SUCCESS,RU
2026-02-02 16:15:56,student1,23.35.6.183,SUCCESS,IN
2026-02-01 04:04:33,student1,106.49.117.22,SUCCESS,DE
2026-02-01 16:48:14,finance01,187.236.31.78,FAILED,RU
2026-02-01 07:11:45,j.smith,249.216.236.26,SUCCESS,KZ
2026-02-01 08:53:04,finance01,34.124.94.133,SUCCESS,DE
2026-02-01 20:53:24,m.khan,13.121.232.88,SUCCESS,DE
2026-02-02 19:31:27,student1,142.24.124.74,SUCCESS,CN
2026-02-01 09:23:53,finance01,136.68.156.35,SUCCESS,KZ
2026-02-01 05:15:18,a.lee,32.210.73.147,FAILED,DE
2026-02-02 13:33:54,admin,142.183.27.52,SUCCESS,KZ
2026-02-02 06:46:09,guest,42.207.41.154,SUCCESS,KZ
2026-02-02 03:28:59,finance01,194.208.97.219,SUCCESS,US
2026-02-01 17:05:12,admin,185.143.223.45,FAILED,IN
2026-02-02 05:50:30,student1,103.184.119.222,SUCCESS,RU
2026-02-02 11:13:02,guest,120.87.241.93,SUCCESS,US
2026-02-01 18:05:27,j.smith,210.218.143.236,FAILED,US
2026-02-02 18:57:18,guest,59.105.167.128,FAILED,BR
2026-02-01 16:12:25,j.smith,220.64.171.165,SUCCESS,US
2026-02-02 05:02:41,j.smith,80.204.247.141,SUCCESS,RU
2026-02-02 03:51:03,admin,185.143.223.6,FAILED,BR
2026-02-02 03:20:50,admin,185.143.223.1,FAILED,KZ
2026-02-01 15:41:53,admin,185.143.223.40,FAILED,US
2026-02-02 21:55:22,student1,187.34.230.121,SUCCESS,BR
2026-02-02 14:42:53,student1,241.8.128.28,FAILED,CN
2026-02-02 12:02:23,guest,74.172.48.106,SUCCESS,CN
2026-02-01 01:32:08,a.lee,12.173.111.21,SUCCESS,US
2026-02-01 06:53:09,student2,198.146.9.206,SUCCESS,IN
2026-02-01 22:24:10,student1,135.176.44.33,FAILED,KZ
2026-02-01 08:06:56,j.smith,227.131.108.43,SUCCESS,US
2026-02-01 18:13:21,m.khan,225.135.56.32,SUCCESS,KZ
2026-02-02 04:48:56,finance01,183.24.5.198,SUCCESS,DE
2026-02-02 15:54:41,admin,176.196.108.117,SUCCESS,US
2026-02-02 09:02:05,m.khan,12.117.227.177,SUCCESS,KZ
2026-02-02 14:50:43,admin,185.143.223.4,FAILED,IN
2026-02-01 05:02:32,finance01,185.143.223.35,FAILED,IN
2026-02-02 03:19:50,j.smith,90.69.178.29,SUCCESS,CN
2026-02-02 15:25:36,admin,53.51.197.136,SUCCESS,RU
2026-02-01 09:20:50,admin,185.143.223.42,FAILED,US
2026-02-01 12:40:53,guest,85.143.97.16,FAILED,DE
2026-02-02 07:16:50,j.smith,107.212.228.18,SUCCESS,CN
2026-02-01 10:38:51,student2,82.141.102.68,SUCCESS,US
2026-02-01 22:07:37,j.smith,42.201.233.249,SUCCESS,US
2026-02-01 04:43:45,admin,166.35.175.56,SUCCESS,DE
2026-02-02 03:12:36,admin,177.240.59.162,SUCCESS,CN
2026-02-02 22:09:05,finance01,43.18.251.73,SUCCESS,IN
2026-02-01 01:35:02,guest,6.206.97.209,SUCCESS,DE
2026-02-02 01:14:20,m.khan,194.209.207.159,SUCCESS,US
2026-02-01 22:23:55,admin,185.143.223.11,FAILED,DE
2026-02-02 12:20:59,m.khan,108.37.9.208,SUCCESS,DE
2026-02-02 17:12:36,student1,253.41.14.41,SUCCESS,CN
2026-02-02 01:37:29,finance01,54.29.58.225,SUCCESS,US
2026-02-01 00:01:26,guest,108.191.2.144,SUCCESS,CN
2026-02-01 06:39:28,m.khan,216.252.169.152,SUCCESS,RU
2026-02-01 10:57:17,guest,11.191.10.18,SUCCESS,RU
2026-02-02 00:32:01,admin,162.22.161.82,SUCCESS,US
2026-02-02 05:33:41,student2,174.192.83.173,SUCCESS,RU
2026-02-01 00:26:27,student2,200.197.86.203,SUCCESS,BR
2026-02-02 08:19:14,admin,49.176.181.25,SUCCESS,RU
2026-02-02 19:02:56,guest,43.197.199.159,SUCCESS,IN
2026-02-01 19:13:53,a.lee,243.186.209.203,SUCCESS,US
2026-02-01 05:25:46,j.smith,119.219.235.244,SUCCESS,CN
2026-02-02 03:35:43,m.khan,47.234.162.230,SUCCESS,CN
2026-02-02 01:19:36,guest,93.139.71.147,SUCCESS,CN
2026-02-01 07:42:09,student1,201.175.38.184,SUCCESS,BR
2026-02-01 11:12:06,j.smith,122.186.244.50,SUCCESS,BR
2026-02-02 01:31:44,finance01,142.207.159.22,SUCCESS,CN
2026-02-01 17:34:09,a.lee,134.246.252.87,SUCCESS,KZ
2026-02-02 20:44:10,j.smith,31.43.158.111,SUCCESS,US
2026-02-01 21:32:51,finance01,251.83.251.124,SUCCESS,CN
2026-02-01 00:30:01,j.smith,224.5.67.140,SUCCESS,CN
2026-02-01 00:24:02,m.khan,203.53.118.123,FAILED,DE
2026-02-02 19:24:34,finance01,185.143.223.31,FAILED,IN
2026-02-02 11:07:00,admin,132.250.58.95,SUCCESS,RU
2026-02-02 01:42:44,student2,188.214.179.113,FAILED,DE
2026-02-01 09:13:52,m.khan,192.73.237.11,SUCCESS,US
2026-02-02 18:02:05,student2,173.3.119.104,FAILED,US
2026-02-01 02:28:35,a.lee,235.217.159.99,SUCCESS,US
2026-02-02 23:31:46,j.smith,145.94.122.93,SUCCESS,CN
2026-02-02 06:36:57,guest,156.25.145.216,FAILED,DE
2026-02-01 19:28:38,student1,178.100.167.177,SUCCESS,BR
2026-02-02 05:11:37,finance01,185.143.223.46,FAILED,RU
2026-02-02 23:42:43,student2,123.84.183.140,SUCCESS,BR
2026-02-01 04:25:08,finance01,185.143.223.46,FAILED,KZ
2026-02-01 04:32:48,student1,166.242.164.23,SUCCESS,BR
2026-02-02 00:07:22,j.smith,12.191.146.220,SUCCESS,DE
2026-02-02 03:18:00,student2,11.82.86.151,FAILED,IN
2026-02-02 14:51:19,a.lee,241.173.175.212,SUCCESS,CN
2026-02-02 19:24:45,a.lee,234.218.20.242,SUCCESS,CN
2026-02-02 16:37:31,m.khan,44.246.121.10,SUCCESS,RU
2026-02-02 03:18:38,student1,126.111.148.27,SUCCESS,KZ
2026-02-01 10:13:53,finance01,185.143.223.21,FAILED,US
2026-02-02 02:25:17,finance01,185.143.223.10,FAILED,CN
2026-02-02 12:42:37,admin,70.103.192.85,FAILED,US
2026-02-02 10:43:22,student2,143.239.150.13,SUCCESS,CN
2026-02-02 09:00:31,admin,185.143.223.1,FAILED,US
2026-02-01 19:41:30,student2,114.139.27.231,SUCCESS,BR
2026-02-01 04:42:41,student2,203.219.252.82,SUCCESS,KZ
2026-02-01 03:26:24,student1,198.80.10.225,SUCCESS,BR
2026-02-02 10:44:48,student1,217.147.22.2,SUCCESS,KZ
2026-02-02 14:48:01,j.smith,249.240.232.187,SUCCESS,CN
2026-02-01 07:01:40,guest,74.147.66.131,SUCCESS,RU
2026-02-01 16:33:41,admin,185.143.223.7,FAILED,BR
2026-02-02 18:01:44,a.lee,144.72.203.167,SUCCESS,US
2026-02-01 03:29:39,finance01,28.239.85.90,SUCCESS,IN
2026-02-02 06:49:05,m.khan,81.115.191.125,SUCCESS,US
2026-02-02 10:43:54,a.lee,206.95.81.77,FAILED,DE
2026-02-01 20:41:40,student1,63.245.191.64,FAILED,DE
2026-02-01 14:27:22,j.smith,219.141.120.252,SUCCESS,RU
2026-02-01 21:26:02,guest,211.156.137.180,SUCCESS,US
2026-02-01 06:43:50,j.smith,76.40.83.143,SUCCESS,US
2026-02-01 18:09:01,finance01,8.118.167.43,SUCCESS,RU
2026-02-01 19:00:31,student1,216.224.246.157,SUCCESS,BR
2026-02-01 22:00:37,admin,185.143.223.14,FAILED,KZ
2026-02-01 11:00:20,guest,106.61.203.241,SUCCESS,IN
2026-02-01 23:14:56,guest,27.193.228.139,SUCCESS,US
2026-02-02 11:41:44,admin,185.143.223.15,FAILED,IN
2026-02-01 18:35:17,admin,185.143.223.8,FAILED,CN
2026-02-01 14:17:40,guest,74.200.18.228,SUCCESS,IN
2026-02-01 06:39:22,m.khan,219.110.170.135,FAILED,US
2026-02-01 14:26:46,a.lee,190.114.36.89,SUCCESS,US
2026-02-01 22:49:37,j.smith,147.217.157.138,FAILED,CN
2026-02-01 18:29:26,a.lee,188.92.130.60,SUCCESS,CN
2026-02-01 16:34:04,finance01,185.143.223.46,FAILED,BR
2026-02-01 15:24:05,student1,34.197.252.132,SUCCESS,CN
2026-02-02 10:18:13,student2,21.209.133.205,SUCCESS,US
2026-02-02 14:54:46,guest,30.119.120.79,SUCCESS,US
2026-02-01 21:19:59,m.khan,175.240.214.153,FAILED,RU
2026-02-01 21:01:38,finance01,251.96.96.145,FAILED,US
2026-02-02 17:00:32,a.lee,63.193.157.108,FAILED,BR
2026-02-01 05:44:48,guest,188.232.22.155,FAILED,KZ
2026-02-01 02:54:21,m.khan,47.7.226.87,SUCCESS,RU
2026-02-02 12:00:40,admin,185.143.223.44,FAILED,CN
2026-02-01 19:43:38,m.khan,46.210.193.209,SUCCESS,DE
2026-02-02 03:32:39,student2,186.109.27.114,SUCCESS,BR
2026-02-02 11:41:55,student2,103.132.225.220,SUCCESS,BR
2026-02-01 02:55:43,guest,187.2.144.212,SUCCESS,CN
2026-02-02 04:31:13,j.smith,127.91.132.59,SUCCESS,BR
2026-02-02 14:48:28,admin,105.165.227.102,FAILED,KZ
2026-02-02 12:05:04,admin,178.50.102.64,SUCCESS,BR
2026-02-02 02:50:35,admin,82.185.4.29,SUCCESS,IN
2026-02-01 16:24:30,guest,2.188.102.214,SUCCESS,BR
2026-02-01 23:13:36,a.lee,103.129.71.233,FAILED,DE
2026-02-01 02:32:44,m.khan,75.235.91.49,SUCCESS,DE
2026-02-01 00:30:49,student2,26.88.43.203,SUCCESS,IN
2026-02-01 06:42:34,student1,186.190.23.189,SUCCESS,CN
2026-02-01 05:35:32,student2,119.220.136.16,SUCCESS,BR
2026-02-02 08:44:01,a.lee,32.21.164.159,SUCCESS,CN
2026-02-02 20:03:19,student1,17.37.177.15,SUCCESS,BR
2026-02-01 04:23:32,j.smith,98.53.107.36,SUCCESS,CN
2026-02-01 02:17:21,guest,167.223.161.228,SUCCESS,RU
2026-02-02 14:49:32,j.smith,120.52.71.134,SUCCESS,KZ
2026-02-02 05:08:01,admin,114.6.236.222,SUCCESS,DE
2026-02-02 14:52:01,m.khan,11.84.184.187,SUCCESS,RU
2026-02-01 13:46:49,admin,164.144.119.7,SUCCESS,CN
2026-02-02 07:20:52,m.khan,239.132.163.58,FAILED,DE
2026-02-02 02:02:12,student1,250.235.78.10,SUCCESS,BR
2026-02-01 02:34:12,admin,197.193.226.15,SUCCESS,US
2026-02-01 04:29:23,student2,171.9.17.75,FAILED,US
2026-02-01 06:30:07,finance01,185.143.223.13,FAILED,IN
2026-02-01 05:29:59,student1,64.163.158.66,SUCCESS,US
2026-02-01 16:34:02,guest,160.151.40.244,SUCCESS,US
2026-02-02 22:22:17,guest,144.184.1.75,SUCCESS,BR
2026-02-02 01:03:20,finance01,24.248.38.154,SUCCESS,BR
2026-02-02 09:53:36,guest,81.185.24.153,FAILED,BR
2026-02-01 16:15:53,admin,185.143.223.13,FAILED,DE
2026-02-02 16:41:16,student1,171.18.65.218,SUCCESS,KZ
2026-02-02 20:00:50,a.lee,149.81.249.141,SUCCESS,CN
2026-02-02 08:58:42,m.khan,231.122.44.168,SUCCESS,IN
2026-02-02 07:11:09,admin,105.85.94.77,SUCCESS,US
2026-02-02 16:39:17,student1,232.232.39.199,SUCCESS,BR
2026-02-02 07:17:52,student2,68.15.142.63,SUCCESS,RU
2026-02-02 23:00:48,admin,213.189.35.10,SUCCESS,KZ
2026-02-02 04:30:09,finance01,63.91.44.55,SUCCESS,BR
2026-02-02 18:26:27,j.smith,220.173.3.253,SUCCESS,KZ
2026-02-02 13:51:17,guest,250.134.24.170,SUCCESS,IN
2026-02-02 16:56:55,student1,173.243.240.186,SUCCESS,BR
2026-02-01 12:48:16,finance01,135.213.37.248,SUCCESS,CN
2026-02-02 01:02:31,guest,153.81.214.250,SUCCESS,RU
2026-02-02 10:48:22,student1,29.216.52.112,FAILED,CN
2026-02-02 08:04:23,student2,209.97.75.246,SUCCESS,KZ
2026-02-01 18:47:18,finance01,185.143.223.41,FAILED,IN
2026-02-01 04:07:07,a.lee,11.42.162.115,SUCCESS,US
2026-02-01 18:26:27,finance01,23.81.54.14,SUCCESS,US
2026-02-02 15:58:10,student1,120.226.106.28,FAILED,RU
2026-02-01 11:51:27,guest,245.196.12.52,FAILED,DE
2026-02-02 02:21:48,admin,2.30.156.102,FAILED,BR
2026-02-02 03:57:30,a.lee,252.108.72.173,SUCCESS,US
2026-02-02 04:35:15,a.lee,2.175.146.120,SUCCESS,DE
2026-02-02 17:25:42,j.smith,59.49.53.69,SUCCESS,BR
2026-02-02 04:29:51,finance01,162.65.112.49,SUCCESS,CN
2026-02-02 17:07:26,student1,33.151.72.21,SUCCESS,RU
2026-02-01 16:43:08,a.lee,244.30.216.195,SUCCESS,US
2026-02-02 02:01:46,admin,185.143.223.22,FAILED,RU
2026-02-02 10:50:16,m.khan,148.207.46.34,SUCCESS,DE
2026-02-01 21:32:54,student2,17.190.254.241,SUCCESS,IN
2026-02-01 01:29:36,student1,98.203.137.17,SUCCESS,KZ
2026-02-01 04:06:13,j.smith,217.8.223.195,SUCCESS,RU
2026-02-02 16:35:38,student2,211.207.151.137,SUCCESS,KZ
2026-02-01 23:31:46,guest,8.22.128.173,SUCCESS,DE
2026-02-01 00:52:33,j.smith,231.42.70.159,FAILED,KZ
2026-02-02 21:59:54,admin,185.143.223.40,FAILED,BR
2026-02-02 22:18:57,j.smith,201.238.130.100,SUCCESS,CN
2026-02-02 10:21:34,student2,51.119.150.170,SUCCESS,US
2026-02-01 17:48:26,j.smith,102.35.30.82,SUCCESS,US
2026-02-01 06:13:08,finance01,202.223.117.145,SUCCESS,BR
2026-02-01 14:20:24,finance01,185.143.223.48,FAILED,CN
2026-02-01 14:34:36,j.smith,109.141.181.77,SUCCESS,IN
2026-02-01 07:52:41,finance01,74.6.168.26,SUCCESS,RU
2026-02-01 06:22:45,admin,188.156.228.152,SUCCESS,IN
2026-02-01 08:02:41,admin,185.143.223.29,FAILED,KZ
2026-02-02 03:46:09,m.khan,238.213.71.70,SUCCESS,CN
2026-02-02 08:32:32,student1,2.70.128.210,SUCCESS,RU
2026-02-02 09:09:34,guest,37.235.66.250,SUCCESS,BR
2026-02-02 04:02:45,j.smith,77.108.78.120,FAILED,US
2026-02-02 20:12:47,student2,231.220.67.193,SUCCESS,US
2026-02-01 17:34:19,m.khan,110.202.170.50,SUCCESS,IN
2026-02-01 23:37:48,student2,164.160.82.17,SUCCESS,IN
2026-02-01 05:11:14,m.khan,88.109.250.230,SUCCESS,IN
2026-02-02 13:58:29,finance01,185.143.223.23,FAILED,KZ
2026-02-01 03:48:51,student2,4.192.222.179,SUCCESS,IN
2026-02-02 07:48:12,a.lee,6.189.223.15,SUCCESS,RU
2026-02-01 11:50:02,a.lee,148.137.194.144,SUCCESS,BR
2026-02-02 08:21:36,admin,185.143.223.18,FAILED,KZ
2026-02-01 07:43:31,student2,97.100.247.128,SUCCESS,CN
2026-02-02 01:48:46,guest,231.135.128.7,SUCCESS,US
2026-02-01 13:20:36,student1,161.235.202.137,FAILED,RU
2026-02-01 08:47:42,a.lee,21.61.77.236,SUCCESS,IN
2026-02-01 00:40:25,student2,177.137.172.134,SUCCESS,KZ
2026-02-02 13:50:06,student1,214.108.250.74,SUCCESS,IN
2026-02-01 13:16:48,guest,235.180.193.38,SUCCESS,IN
2026-02-02 20:56:27,guest,203.56.149.46,SUCCESS,IN
2026-02-02 03:42:25,a.lee,184.49.8.221,SUCCESS,DE
2026-02-02 11:28:55,student1,8.94.224.139,FAILED,DE
2026-02-02 07:31:19,student2,112.71.202.198,SUCCESS,BR
2026-02-02 13:01:36,guest,76.132.195.113,SUCCESS,KZ
2026-02-01 07:03:14,student2,180.203.154.37,SUCCESS,CN
2026-02-02 13:25:31,admin,185.143.223.42,FAILED,DE
2026-02-01 17:43:50,student1,108.126.11.104,SUCCESS,KZ
2026-02-01 11:13:33,admin,119.5.39.40,SUCCESS,RU
2026-02-02 17:13:20,guest,21.188.238.34,SUCCESS,CN
2026-02-02 01:16:03,admin,185.143.223.7,FAILED,RU
2026-02-01 08:43:32,guest,172.174.44.202,SUCCESS,CN
2026-02-01 01:04:27,guest,183.21.36.236,SUCCESS,CN
2026-02-01 14:08:23,j.smith,249.133.174.227,SUCCESS,US
2026-02-02 11:09:56,admin,80.62.173.190,SUCCESS,CN
2026-02-01 05:19:44,admin,185.143.223.2,FAILED,KZ
2026-02-01 09:29:50,j.smith,114.66.181.88,SUCCESS,DE
2026-02-01 06:26:08,j.smith,96.197.25.187,SUCCESS,CN
2026-02-02 08:20:00,j.smith,84.175.204.209,SUCCESS,DE
2026-02-01 01:03:40,finance01,185.143.223.30,FAILED,KZ
2026-02-01 01:07:44,a.lee,106.57.47.174,SUCCESS,CN
2026-02-02 19:01:42,j.smith,106.56.81.63,SUCCESS,IN
2026-02-01 23:26:39,guest,9.60.158.217,FAILED,CN
2026-02-01 08:56:45,finance01,26.131.104.231,SUCCESS,DE
2026-02-02 23:13:43,student2,17.246.83.93,SUCCESS,KZ
2026-02-01 21:29:15,finance01,185.143.223.46,FAILED,US
2026-02-01 14:54:45,student1,70.104.35.51,SUCCESS,IN
2026-02-02 21:14:22,student2,36.121.27.126,FAILED,IN
2026-02-01 02:23:52,admin,185.143.223.15,FAILED,DE
2026-02-01 08:24:12,m.khan,227.86.130.8,SUCCESS,BR
2026-02-01 12:16:47,j.smith,59.128.183.195,SUCCESS,DE
2026-02-01 20:15:52,guest,37.202.116.188,SUCCESS,CN
2026-02-01 22:32:20,student1,32.205.182.60,SUCCESS,IN
2026-02-02 14:28:23,finance01,185.143.223.43,FAILED,RU
2026-02-01 02:29:33,j.smith,215.11.213.251,SUCCESS,BR
2026-02-02 00:38:40,student2,186.187.134.114,SUCCESS,BR
2026-02-01 06:10:10,admin,204.237.250.232,SUCCESS,BR
2026-02-02 00:48:39,a.lee,194.90.176.5,SUCCESS,BR
2026-02-02 14:49:41,finance01,10.231.185.212,SUCCESS,IN
2026-02-01 18:54:25,a.lee,203.240.238.222,SUCCESS,RU
2026-02-01 13:49:27,a.lee,130.94.117.149,FAILED,RU
2026-02-02 14:19:05,admin,115.60.46.108,SUCCESS,KZ
2026-02-01 21:58:39,guest,4.174.14.95,SUCCESS,DE
2026-02-01 19:26:40,admin,185.143.223.37,FAILED,KZ
2026-02-02 09:18:12,guest,145.179.250.104,SUCCESS,BR
2026-02-02 00:21:46,j.smith,214.100.149.176,SUCCESS,RU
2026-02-01 23:24:23,guest,246.35.150.62,SUCCESS,DE
2026-02-02 20:22:41,finance01,185.143.223.2,FAILED,IN
2026-02-01 05:43:32,admin,135.121.197.218,SUCCESS,RU
2026-02-01 00:59:16,admin,238.32.118.229,SUCCESS,DE
2026-02-01 02:12:30,student2,98.71.102.162,SUCCESS,IN
2026-02-02 04:05:41,admin,153.197.171.129,SUCCESS,IN
2026-02-01 08:01:09,m.khan,232.71.220.119,FAILED,IN
2026-02-01 20:12:52,guest,185.96.143.236,FAILED,IN
2026-02-01 09:51:15,admin,181.52.155.117,SUCCESS,US
2026-02-02 05:51:40,admin,123.218.229.159,SUCCESS,DE
2026-02-02 06:54:36,m.khan,67.185.59.166,SUCCESS,BR
2026-02-01 15:41:48,student1,122.128.12.24,SUCCESS,DE
2026-02-02 05:51:14,a.lee,165.11.93.69,SUCCESS,DE
2026-02-02 13:24:15,finance01,59.84.166.64,SUCCESS,BR
2026-02-01 21:22:02,admin,185.143.223.45,FAILED,US
2026-02-01 05:08:06,student2,104.50.29.143,SUCCESS,KZ
2026-02-02 05:47:57,j.smith,132.241.58.101,FAILED,BR
2026-02-02 09:00:22,j.smith,165.48.202.5,SUCCESS,IN
2026-02-01 00:31:42,a.lee,97.143.139.128,SUCCESS,US
2026-02-01 04:10:38,j.smith,118.181.82.27,SUCCESS,BR
2026-02-01 18:12:11,a.lee,245.190.211.241,SUCCESS,KZ
2026-02-01 18:40:35,finance01,185.143.223.24,FAILED,BR
2026-02-01 18:01:36,student2,193.106.12.89,SUCCESS,DE
2026-02-02 04:54:25,m.khan,117.216.190.211,SUCCESS,RU
2026-02-02 22:06:52,guest,103.188.148.182,SUCCESS,RU
2026-02-01 18:47:07,m.khan,250.10.143.51,SUCCESS,CN
2026-02-01 22:52:09,student2,206.185.85.187,FAILED,CN
2026-02-01 19:40:48,finance01,185.143.223.25,FAILED,DE
2026-02-02 06:43:42,student1,142.236.82.6,SUCCESS,DE
2026-02-01 12:17:39,m.khan,13.141.138.84,FAILED,KZ
2026-02-01 19:36:26,a.lee,172.43.122.164,SUCCESS,KZ
2026-02-02 12:37:46,guest,159.36.209.117,SUCCESS,RU
2026-02-02 16:00:15,finance01,15.34.36.235,SUCCESS,BR
2026-02-01 08:14:39,admin,52.187.161.59,FAILED,IN
2026-02-02 13:48:50,student2,30.35.92.234,FAILED,BR
2026-02-02 10:59:52,student1,25.86.239.88,SUCCESS,IN
2026-02-01 09:18:21,a.lee,83.218.146.17,SUCCESS,IN
2026-02-01 21:15:26,admin,241.20.248.218,SUCCESS,KZ
2026-02-01 13:18:12,j.smith,86.21.67.133,SUCCESS,BR
2026-02-01 10:17:24,guest,46.80.79.223,SUCCESS,IN
2026-02-02 08:30:04,finance01,37.206.174.164,SUCCESS,KZ
2026-02-01 04:02:36,student1,81.125.200.109,SUCCESS,RU
2026-02-02 20:07:22,admin,185.143.223.28,FAILED,US
2026-02-02 07:39:00,guest,214.38.1.88,SUCCESS,US
2026-02-01 16:16:40,student1,165.180.104.181,SUCCESS,RU
2026-02-02 12:10:05,finance01,51.6.9.222,FAILED,RU
2026-02-02 17:04:01,a.lee,103.5.164.180,SUCCESS,IN
2026-02-01 20:47:26,j.smith,179.2.171.81,FAILED,BR
2026-02-01 14:13:43,student2,243.103.98.101,SUCCESS,KZ
2026-02-02 23:31:19,m.khan,155.151.43.79,SUCCESS,RU
2026-02-02 02:25:41,m.khan,235.159.186.239,SUCCESS,RU
2026-02-01 19:30:18,admin,197.94.99.145,SUCCESS,RU
2026-02-01 05:07:39,student2,7.83.102.15,SUCCESS,RU
2026-02-02 21:43:13,j.smith,149.87.146.241,SUCCESS,US
2026-02-02 05:52:28,m.khan,14.228.127.151,FAILED,BR
2026-02-01 07:19:47,admin,47.216.15.189,SUCCESS,US
2026-02-01 21:49:50,finance01,233.205.104.77,SUCCESS,IN
2026-02-02 00:15:24,finance01,126.8.79.162,SUCCESS,CN
2026-02-02 23:12:59,finance01,167.3.252.44,SUCCESS,DE
2026-02-02 21:06:02,j.smith,22.206.137.72,SUCCESS,RU
2026-02-01 16:14:24,a.lee,79.147.131.104,SUCCESS,DE
2026-02-01 16:16:52,admin,224.129.185.53,SUCCESS,KZ
2026-02-01 10:08:20,m.khan,103.191.20.225,SUCCESS,US
2026-02-02 07:38:31,student2,182.23.248.245,FAILED,KZ
2026-02-02 15:06:41,admin,99.225.225.10,SUCCESS,US
2026-02-02 01:00:38,student2,254.186.13.13,SUCCESS,RU
2026-02-01 23:08:52,j.smith,231.19.204.7,SUCCESS,RU
2026-02-02 04:19:45,finance01,210.249.157.5,SUCCESS,BR
2026-02-01 01:28:22,guest,4.115.52.182,FAILED,KZ
2026-02-02 06:06:21,guest,36.8.212.114,SUCCESS,IN
2026-02-01 05:37:00,finance01,252.52.10.78,SUCCESS,BR
2026-02-02 18:05:47,m.khan,45.178.6.166,SUCCESS,KZ
2026-02-02 07:35:05,student1,237.37.30.45,SUCCESS,CN
2026-02-02 01:30:26,finance01,185.143.223.7,FAILED,RU
2026-02-02 12:01:56,admin,192.169.67.48,SUCCESS,BR
2026-02-01 00:13:15,admin,46.78.69.220,SUCCESS,IN
2026-02-02 04:04:19,admin,169.138.107.150,FAILED,DE
2026-02-01 00:40:00,guest,150.91.152.247,SUCCESS,BR
2026-02-01 23:29:52,student2,70.173.42.183,SUCCESS,KZ
2026-02-02 07:29:36,admin,195.27.168.157,FAILED,CN
2026-02-01 14:14:05,admin,56.155.16.46,SUCCESS,US
2026-02-02 20:37:56,admin,185.143.223.1,FAILED,BR
2026-02-01 21:52:24,j.smith,152.52.231.105,SUCCESS,DE
